DivisionNm,Surname,GivenNm
Boothby,DYER,Jo
Bradfield,BOELE,Nicolette
Calare,HOOK,Kate
Casey,FERRES MILES,Claire
Cowper,HEISE,Caz
Curtin,CHANEY,Kate
Flinders,O'CONNOR,Despi
Flinders,RUSSELL,Sarah
Goldstein,DANIEL,Zoe
Grey,HABERMANN,Liz
Groom,HOLT,Suzie
Hughes,STEELE,Georgia
Hughes,SEYMOUR,Linda
Hume,ACKERY,Penny
Indi,HAINES,Helen
Kooyong,RYAN,Monique
Mackellar,SCAMPS,Sophie
Monash,LEONARD,Deb
Nicholls,PRIESTLY,Rob
North Sydney,TINK,Kylea Jane
Page,LUKE,Hanabeth
Wannon,DYSON,Alex
Warringah,STEGGALL,Zali
Wentworth,SPENDER,Allegra
